Date,Open,High,Low,Close,Volume,Dividends,Stock Splits,Capital Gains
2021-10-18 00:00:00-04:00,11.413819678739126,11.88151039992518,10.516285885404919,10.681193351745605,62286000,0.0,0.0,0.0
2021-10-25 00:00:00-04:00,11.059668905309026,11.167534675814078,10.094549991496374,10.91909122467041,34417900,0.0,0.0,0.0
2021-11-01 00:00:00-04:00,10.781217950668903,11.197543024459378,10.44058712606569,10.613605499267578,24612800,0.0,0.0,0.0
2021-11-08 00:00:00-05:00,11.394892206186983,11.97342272774291,10.800140826834536,11.116439819335938,36809000,0.0,0.0,0.0
2021-11-15 00:00:00-05:00,11.297569613206669,11.316493432490098,9.80258067092002,10.00533676147461,40327700,0.0,0.0,0.0
2021-11-22 00:00:00-05:00,10.095901895223307,10.12969457685812,9.278118587152518,9.310559272766113,28033300,0.0,0.0,0.0
2021-11-29 00:00:00-05:00,9.867463285367275,10.232423843687599,8.837461951993358,9.161871910095215,38839500,0.0,0.0,0.0
2021-12-06 00:00:00-05:00,8.302185819657497,8.942895809296383,8.110243634479803,8.312999725341797,35082100,0.0,0.0,0.0
2021-12-13 00:00:00-05:00,8.20486536089983,8.494130709232307,7.780429250495316,7.918303489685059,37741400,0.0,0.0,0.0
2021-12-20 00:00:00-05:00,7.8344935135236105,8.810426115744525,7.7939424073479975,8.742840766906738,17336600,0.0,0.0,0.0
2021-12-27 00:00:00-05:00,8.783394519977692,8.932082117245232,7.7993512514928724,7.812868118286133,26525000,0.0,0.0,0.0
2022-01-03 00:00:00-05:00,8.042659665158842,8.129168863089124,6.907225153235162,7.139719009399414,38471600,0.0,0.0,0.0
2022-01-10 00:00:00-05:00,6.780161304423793,7.574965049106467,6.726092826040125,7.345174789428711,41653000,0.0,0.0,0.0
2022-01-17 00:00:00-05:00,7.066723978413176,7.4154646293231385,6.390870483442205,6.515227794647217,33772600,0.0,0.0,0.0
2022-01-24 00:00:00-05:00,5.723128888783736,6.617959002015833,5.650677470355675,6.426016807556152,69847200,0.0,0.0,0.0
2022-01-31 00:00:00-05:00,6.347618482777044,6.958590352607172,6.155676259641712,6.909928798675537,31552600,0.0,0.0,0.0
2022-02-07 00:00:00-05:00,7.301922948628765,7.796647803336821,7.145124921334284,7.204599857330322,40829700,0.0,0.0,0.0
2022-02-14 00:00:00-05:00,7.261370827399421,7.580373790825403,6.701764161160944,6.788273334503174,31560700,0.0,0.0,0.0
2022-02-21 00:00:00-05:00,6.366540455921612,6.742315393408188,5.969138740344465,6.631475448608398,39126700,0.0,0.0,0.0
2022-02-28 00:00:00-05:00,6.620661653573673,7.710137817694162,6.61795817735874,6.699060916900635,53601900,0.0,0.0,0.0
2022-03-07 00:00:00-05:00,6.642288903560722,7.242447212772013,6.304362113468009,6.493601322174072,32648600,0.0,0.0,0.0
2022-03-14 00:00:00-04:00,6.574705140847907,7.147829342789245,6.51252672013618,7.145125865936279,23934600,0.0,0.0,0.0
2022-03-21 00:00:00-04:00,7.020767435995617,7.674182686512564,6.9018175664554695,7.553340435028076,32536800,0.0,0.0,0.0
2022-03-28 00:00:00-04:00,8.056175105093796,8.189994351406838,7.666883783453935,7.869639873504639,29179300,0.0,0.0,0.0
2022-04-04 00:00:00-04:00,7.797187775110436,7.893970475350447,7.164048360652456,7.212709903717041,24973600,0.0,0.0,0.0
2022-04-11 00:00:00-04:00,6.912630948635726,7.018063951490963,6.617958720292998,6.726095199584961,19325200,0.0,0.0,0.0
2022-04-18 00:00:00-04:00,6.655807247177328,7.264075557318266,6.590924840336444,6.658510208129883,26716100,0.0,0.0,0.0
2022-04-25 00:00:00-04:00,6.539558731382986,6.823417000381254,6.378705265400033,6.444939136505127,33203100,0.0,0.0,0.0
2022-05-02 00:00:00-04:00,6.536857113897025,6.750426616436659,5.928588779710112,6.052945613861084,35575300,0.0,0.0,0.0
2022-05-09 00:00:00-04:00,5.504150925185858,5.620397806650102,4.657170982234348,5.0499773025512695,60946600,0.0,0.0,0.0
2022-05-16 00:00:00-04:00,5.017537031355796,5.1716315711692324,4.814780949362246,4.917510986328125,27418600,0.0,0.0,0.0
2022-05-23 00:00:00-04:00,5.114860003746072,5.136487298059857,4.725568190462579,4.8364081382751465,42561800,0.0,0.0,0.0
2022-05-30 00:00:00-04:00,5.347352456590333,5.451433945378606,4.901288785887666,4.9580607414245605,26927000,0.0,0.0,0.0
2022-06-06 00:00:00-04:00,5.282473165280781,5.341677916742174,4.823162601347462,4.852630138397217,27108900,0.0,0.0,0.0
2022-06-13 00:00:00-04:00,3.91994997970818,4.060527619974314,3.3927843443454333,3.4387423992156982,89518000,0.0,0.0,0.0
2022-06-20 00:00:00-04:00,3.546879833634324,3.6428511835473345,3.3143862767892216,3.5576934814453125,38710600,0.0,0.0,0.0
2022-06-27 00:00:00-04:00,3.5549904950874454,3.5549904950874454,3.1237960035943755,3.2332842350006104,40690800,0.0,0.0,0.0
2022-07-04 00:00:00-04:00,3.230580987091106,3.6996236710957935,3.2170638600520127,3.6442034244537354,33537200,0.0,0.0,0.0
2022-07-11 00:00:00-04:00,3.4333361828324223,3.5414729118347164,3.1548845761687883,3.541472911834717,36339900,0.0,0.0,0.0
2022-07-18 00:00:00-04:00,3.7171949966273496,4.0618802477329865,3.5739140980372155,3.7793734073638916,55606100,0.0,0.0,0.0
2022-07-25 00:00:00-04:00,3.6631255506670177,4.0632306474808475,3.4603695267314,4.009162425994873,37115800,0.0,0.0,0.0
2022-08-01 00:00:00-04:00,3.8645307462349416,3.944281488375208,3.7374702024799564,3.830738067626953,36209100,0.0,0.0,0.0
2022-08-08 00:00:00-04:00,4.019977887294117,4.165962280198987,3.811815076030567,4.044308662414551,30419600,0.0,0.0,0.0
2022-08-15 00:00:00-04:00,4.025384723594409,4.052418716860658,3.5076808005327895,3.5360665321350098,22070000,0.0,0.0,0.0
2022-08-22 00:00:00-04:00,3.517142457683355,3.638796063161566,3.383323465875552,3.4035990238189697,24523400,0.0,0.0,0.0
2022-08-29 00:00:00-04:00,3.3089790446703162,3.395488477673829,3.2197663933055045,3.2927587032318115,27683300,0.0,0.0,0.0
2022-09-05 00:00:00-04:00,3.2873519839058947,3.577968990487378,3.0954095444927527,3.560396909713745,32921100,0.0,0.0,0.0
2022-09-12 00:00:00-04:00,3.7280089040113604,3.75477270366261,3.2103049932993706,3.2603182792663574,33246600,0.0,0.0,0.0
2022-09-19 00:00:00-04:00,3.117036723455489,3.3089791557029367,3.0737821344111667,3.122443675994873,39860000,0.0,0.0,0.0
2022-09-26 00:00:00-04:00,3.168401283697365,3.388729411501572,3.126498181022257,3.2413933277130127,33215400,0.0,0.0,0.0
2022-10-03 00:00:00-04:00,3.200843287095716,3.4008959280847644,3.1738090349327694,3.2332842350006104,37263200,0.0,0.0,0.0
2022-10-10 00:00:00-04:00,3.2251730814444457,3.2954616516157773,3.0224170253499696,3.190028667449951,32264200,0.0,0.0,0.0
2022-10-17 00:00:00-04:00,3.263020295842866,3.284647585098778,3.14271846712965,3.2008419036865234,21894000,0.0,0.0,0.0
2022-10-24 00:00:00-04:00,3.2251744364771517,3.513088043656268,3.1900300077169907,3.444150924682617,45146800,0.0,0.0,0.0
2022-10-31 00:00:00-04:00,3.4495576497462825,3.568237604956435,3.3468278473825563,3.5306601524353027,31172000,0.0,0.0,0.0
2022-11-07 00:00:00-05:00,3.460370855359869,3.490108324140616,2.596629686439974,2.64393949508667,152767200,0.0,0.0,0.0
2022-11-14 00:00:00-05:00,2.7007115329126163,2.8047930726661243,2.6344778961106785,2.741262912750244,44882200,0.0,0.0,0.0
2022-11-21 00:00:00-05:00,2.6682694621329577,2.7628890508299087,2.562836228255009,2.7547786235809326,23894300,0.0,0.0,0.0
2022-11-28 00:00:00-05:00,2.692600195185692,2.8980597089197024,2.647993877134538,2.876432418823242,24909100,0.0,0.0,0.0
2022-12-05 00:00:00-05:00,2.900763330794111,2.9291493141349187,2.819661110546479,2.8818395137786865,18818900,0.0,0.0,0.0
2022-12-12 00:00:00-05:00,2.8791364932801247,3.1224439659769945,2.8237165136930082,2.838585376739502,32389300,0.0,0.0,0.0
2022-12-19 00:00:00-05:00,2.8196615567295726,2.8845434463216537,2.776406963668186,2.838585376739502,14157000,0.0,0.0,0.0
2022-12-26 00:00:00-05:00,2.835881721326431,2.84128867402688,2.745317326135468,2.8196613788604736,11777100,0.0,0.0,0.0
2023-01-02 00:00:00-05:00,2.8575089333851063,2.9169841222717965,2.819661296853502,2.8845431804656982,11262900,0.0,0.0,0.0
2023-01-09 00:00:00-05:00,2.944018349822814,3.3468270301818848,2.9332047026258485,3.3468270301818848,37523600,0.0,0.0,0.0
2023-01-16 00:00:00-05:00,3.6550163963670563,3.85236552402053,3.4992996690133804,3.8361449241638184,62764300,0.0,0.0,0.0
2023-01-23 00:00:00-05:00,3.919950089306883,4.038900185473676,3.8334409284583058,3.960501194000244,45473500,0.0,0.0,0.0
2023-01-30 00:00:00-05:00,3.9707759468954174,4.100269552400917,3.85236644208495,3.9550962448120117,51004800,0.149,0.0,0.0
2023-02-06 00:00:00-05:00,3.894734971672792,3.993059181360481,3.6653115552643993,3.700817584991455,44521400,0.0,0.0,0.0
2023-02-13 00:00:00-05:00,3.6680435532144826,4.312614017068248,3.632537516665222,4.241601943969727,72908300,0.0,0.0,0.0
2023-02-20 00:00:00-05:00,4.200633261078872,4.2265800282130215,3.8756166299430563,3.9384350776672363,41178900,0.0,0.0,0.0
2023-02-27 00:00:00-05:00,4.038398260266058,4.058609207307148,3.7335928301052084,3.7390551567077637,33189500,0.101,0.0,0.0
2023-03-06 00:00:00-05:00,3.7901276138145104,3.825883566868896,3.317049455642351,3.3693079948425293,50983600,0.0,0.0,0.0
2023-03-13 00:00:00-04:00,3.7956270632673443,4.5795063972473145,3.7543700905502297,4.5795063972473145,108789800,0.0,0.0,0.0
2023-03-20 00:00:00-04:00,4.780290745435023,4.91093746794716,4.5134967888982445,4.719780921936035,76994000,0.0,0.0,0.0
2023-03-27 00:00:00-04:00,4.706028968239296,4.860054311016255,4.4832417215389695,4.818797588348389,52505400,0.0,0.0,0.0
2023-04-03 00:00:00-04:00,4.6372676510554545,4.681274892438497,4.5396260924171115,4.59050989151001,32264900,0.465,0.0,0.0
2023-04-10 00:00:00-04:00,4.763701168548759,5.194581488942626,4.741097626659895,5.116881847381592,59331200,0.0,0.0,0.0
2023-04-17 00:00:00-04:00,4.941704611486503,5.125358479662063,4.565920343775519,4.5828728675842285,35719200,0.0,0.0,0.0
2023-04-24 00:00:00-04:00,4.599826536541515,5.029293942733891,4.529190382632831,4.919101715087891,60032300,0.0,0.0,0.0
2023-05-01 00:00:00-04:00,4.670461853361271,4.872481260444968,4.539078587526112,4.856941223144531,61591000,0.417,0.0,0.0
2023-05-08 00:00:00-04:00,4.675070348578396,4.747439860327708,4.317854655020934,4.426119327545166,53932300,0.0,0.0,0.0
2023-05-15 00:00:00-04:00,4.579542647843926,4.634543631763961,4.408750554725577,4.495594024658203,32782200,0.0,0.0,0.0
2023-05-22 00:00:00-04:00,4.481121618285272,4.585333928708198,4.347961934643314,4.469542503356934,34246600,0.0,0.0,0.0
2023-05-29 00:00:00-04:00,4.677965195304635,4.688965392010122,4.319012483284318,4.426119327545166,22729600,0.428,0.0,0.0
2023-06-05 00:00:00-04:00,4.456382066841341,4.548665035185618,4.218232004057937,4.3998212814331055,42618300,0.0,0.0,0.0
2023-06-12 00:00:00-04:00,4.31646885882284,4.42512473092691,4.137856240761054,4.3998212814331055,32839400,0.0,0.0,0.0
2023-06-19 00:00:00-04:00,4.480197281943157,5.2690693889380675,4.441497869850854,5.182739734649658,75343500,0.0,0.0,0.0
2023-06-26 00:00:00-04:00,5.090456984226389,5.197624111193212,4.88505242519961,5.054734230041504,64591000,0.0,0.0,0.0
2023-07-03 00:00:00-04:00,4.905889602959945,5.0011495070494485,4.765976689802714,4.819560527801514,29392500,0.664,0.0,0.0
2023-07-10 00:00:00-04:00,5.006406080839548,5.313110345750135,4.959935845107842,4.997111797332764,74236600,0.0,0.0,0.0
2023-07-17 00:00:00-04:00,5.0095027509353445,5.028090721762485,4.879385773343481,4.941346168518066,34766200,0.0,0.0,0.0
2023-07-24 00:00:00-04:00,4.8360135812481175,4.874738867023344,4.764759197237932,4.832915782928467,24210600,0.0,0.0,0.0
2023-07-31 00:00:00-04:00,4.854601219925098,4.859248359978665,4.572681223251857,4.64703369140625,28159600,0.385,0.0,0.0
2023-08-07 00:00:00-04:00,4.7750886027995945,4.959356804697022,4.708370784665285,4.832275390625,30009500,0.0,0.0,0.0
2023-08-14 00:00:00-04:00,4.816389567512926,4.889461599186852,4.196867217082292,4.269938945770264,51540800,0.0,0.0,0.0
2023-08-21 00:00:00-04:00,4.260409377824639,4.384314011601927,4.207988244877721,4.241347312927246,39696200,0.0,0.0,0.0
2023-08-28 00:00:00-04:00,4.263268858105624,4.609884016635684,4.128562462003336,4.1841607093811035,114395200,0.005,0.0,0.0
2023-09-04 00:00:00-04:00,4.198429363815716,4.2553194802081205,4.122152143265995,4.236567974090576,21007700,0.0,0.0,0.0
2023-09-11 00:00:00-04:00,4.19207188472112,4.38912178383706,4.064943210870836,4.312844276428223,37145600,0.0,0.0,0.0
2023-09-18 00:00:00-04:00,4.455865798542506,4.500360696672546,4.300132745791085,4.328736782073975,26532500,0.0,0.0,0.0
2023-09-25 00:00:00-04:00,4.261993488824395,4.4685779957588005,4.249280619405256,4.389122486114502,25405600,0.0,0.0,0.0
2023-10-02 00:00:00-04:00,4.608420607213581,4.656093802600416,4.408192641011069,4.541677951812744,31469100,0.074,0.0,0.0
2023-10-09 00:00:00-04:00,4.473480046535386,4.524605484024441,4.30732206996431,4.352056980133057,23655700,0.0,0.0,0.0
2023-10-16 00:00:00-04:00,4.7738427202368205,4.920828523121311,4.519813210149311,4.821773052215576,55423300,0.0,0.0,0.0
2023-10-23 00:00:00-04:00,4.984735347131468,5.735641095903056,4.949586378079084,5.4672322273254395,100515200,0.0,0.0,0.0
2023-10-30 00:00:00-04:00,5.620608241273429,5.690905566059571,5.483208398291306,5.569482803344727,63948000,0.14,0.0,0.0
2023-11-06 00:00:00-05:00,5.7107952303261715,6.193942047396466,5.614166112653292,6.071545124053955,87050100,0.0,0.0,0.0
2023-11-13 00:00:00-05:00,5.987798291606285,6.1649518400207235,5.623827425030915,5.920157432556152,73031300,0.0,0.0,0.0
2023-11-20 00:00:00-05:00,6.020010403930878,6.273823603810661,5.868623985651373,6.155291557312012,60652800,0.0,0.0,0.0
2023-11-27 00:00:00-05:00,5.923380190528531,6.264804407215526,5.91049659397877,6.206826686859131,57630700,0.127,0.0,0.0
2023-12-04 00:00:00-05:00,6.706118616027895,7.174703684239429,6.623426769569529,7.16335391998291,90821300,0.0,0.0,0.0
2023-12-11 00:00:00-05:00,6.719091329706097,6.978516085077116,6.449938555775469,6.774219036102295,76414300,0.0,0.0,0.0
2023-12-18 00:00:00-05:00,6.657477670982033,7.077420866476181,6.594242465485135,6.952572822570801,68389100,0.147,0.0,0.0
2023-12-25 00:00:00-05:00,6.82553699327124,6.982295590978703,6.603462001734019,6.691638946533203,89491300,0.0,0.0,0.0
2024-01-01 00:00:00-05:00,7.331737830192466,7.351332500094095,6.681841612271306,6.992093563079834,101180700,0.0,0.0,0.0
2024-01-08 00:00:00-05:00,7.155383222194514,7.782418202943205,6.786347298307995,6.877789497375488,255058700,0.0,0.0,0.0
2024-01-15 00:00:00-05:00,6.75042235262957,6.854928065488926,6.353626795870763,6.561005592346191,87105900,0.0,0.0,0.0
2024-01-22 00:00:00-05:00,6.391182980583389,6.662244884977727,6.0776658673623825,6.629586696624756,90957800,0.0,0.0,0.0
2024-01-29 00:00:00-05:00,6.609992864781353,6.9039153511481794,6.554474124464036,6.645916938781738,72645400,0.356,0.0,0.0
2024-02-05 00:00:00-05:00,6.826398611623219,7.604088974841585,6.655239703049495,7.491091728210449,57067200,0.0,0.0,0.0
2024-02-12 00:00:00-05:00,7.597442094206399,8.345221807922755,7.590795011281637,8.179048538208008,81845800,0.0,0.0,0.0
2024-02-19 00:00:00-05:00,8.242194927047436,8.255489094514346,7.951391669667122,8.026169776916504,43516600,0.0,0.0,0.0
2024-02-26 00:00:00-05:00,8.072697313326053,10.076746432726114,8.072697313326053,9.638049125671387,188258700,0.726,0.0,0.0
2024-03-04 00:00:00-05:00,10.237975360302686,11.045698061004673,9.35186553903082,10.83780288696289,211637800,0.0,0.0,0.0
2024-03-11 00:00:00-04:00,11.349020637369765,11.516018814206852,10.537889700093288,10.796906471252441,147537200,0.0,0.0,0.0
2024-03-18 00:00:00-04:00,10.619686644396491,10.711705908495812,9.682454987942686,9.938063621520996,105899800,0.0,0.0,0.0
2024-03-25 00:00:00-04:00,10.42883197874034,11.164984113071302,10.425423785751532,11.008211135864258,75138500,0.0,0.0,0.0
2024-04-01 00:00:00-04:00,10.479952479808507,10.507217370827297,9.644964136032895,10.05734634399414,62921000,1.145,0.0,0.0
2024-04-08 00:00:00-04:00,11.201482542266147,11.211375929028375,10.087764854647695,10.345701217651367,75000200,0.0,0.0,0.0
2024-04-15 00:00:00-04:00,10.258073964765291,10.305068228833157,9.207956938445244,9.928764343261719,58817100,0.0,0.0,0.0
2024-04-22 00:00:00-04:00,10.19023454624139,10.366902966704748,9.667296183414622,9.787430763244629,41217900,0.0,0.0,0.0
2024-04-29 00:00:00-04:00,9.607228744132149,9.723829872867658,8.10554719354086,8.911154747009277,55594800,1.681,0.0,0.0
2024-05-06 00:00:00-04:00,9.760273793246508,9.892629454678929,9.234633541555826,9.317828178405762,37367100,0.0,0.0,0.0
2024-05-13 00:00:00-04:00,9.658172097147354,10.380455048226507,9.378334066348183,10.293478012084961,41698800,0.0,0.0,0.0
2024-05-20 00:00:00-04:00,10.285914447358454,10.953364161047425,10.225409127655901,10.614912033081055,36434800,0.0,0.0,0.0
2024-05-27 00:00:00-04:00,10.482556142587447,10.667853770214968,10.168684533131799,10.316166877746582,26770500,0.0,0.0,0.0
2024-06-03 00:00:00-04:00,9.99851526250298,10.289696885155106,9.752712275542955,9.892630577087402,36862300,1.768,0.0,0.0
2024-06-10 00:00:00-04:00,10.57415189063084,10.731854873887015,9.915036825277904,9.983778953552246,35125600,0.0,0.0,0.0
2024-06-17 00:00:00-04:00,10.012085072024231,10.269665420324039,9.644112705158443,9.785640716552734,25323100,0.0,0.0,0.0
2024-06-24 00:00:00-04:00,9.312533602238828,9.500563537840696,8.96882292580178,9.102263450622559,50982500,0.0,0.0,0.0
2024-07-01 00:00:00-04:00,8.936472523132785,9.061825539502086,7.83862076543569,7.990257740020752,43006200,1.503,0.0,0.0
2024-07-08 00:00:00-04:00,8.691928833900421,8.958406121325064,8.345291913619812,8.761256217956543,45846500,0.0,0.0,0.0
2024-07-15 00:00:00-04:00,9.541191365881357,10.247464462874726,9.484862344860874,10.19980239868164,49986700,0.0,0.0,0.0
2024-07-22 00:00:00-04:00,10.247464975626672,10.349289946564163,9.588853909871496,10.295127868652344,36006900,0.0,0.0,0.0
2024-07-29 00:00:00-04:00,10.550773480329836,10.555106545957383,8.780756254193443,8.817586898803711,48720700,1.447,0.0,0.0
2024-08-05 00:00:00-04:00,7.4882873652199216,9.209945173094518,7.474402707709525,9.163663864135742,67209500,0.0,0.0,0.0
2024-08-12 00:00:00-04:00,8.96465360498081,9.283992707115992,8.5342390346551,9.001678466796875,34939900,0.0,0.0,0.0
2024-08-19 00:00:00-04:00,8.839695354773111,9.61212676431663,8.74389308376376,9.575565338134766,35006600,0.0,0.0,0.0
2024-08-26 00:00:00-04:00,9.603334878620348,9.612591316867588,8.654572026841619,8.793415069580078,41129600,0.0,0.0,0.0
2024-09-02 00:00:00-04:00,8.89060346946601,8.89060346946601,7.455889336052144,7.492914199829102,36344500,1.209,0.0,0.0
2024-09-09 00:00:00-04:00,8.313486809667511,9.002982535916967,8.21463497387262,8.95602798461914,37312700,0.0,0.0,0.0
2024-09-16 00:00:00-04:00,8.76326372593932,9.573853926025421,8.605100060380023,9.410747528076172,39446400,0.0,0.0,0.0
2024-09-23 00:00:00-04:00,9.47994215419571,9.974203989615885,9.38108941001982,9.82592487335205,34245100,0.0,0.0,0.0
2024-09-30 00:00:00-04:00,9.559027444636218,9.583740168291946,8.432109711157427,8.783036231994629,38873700,1.091,0.0,0.0
2024-10-07 00:00:00-04:00,9.417280914047765,9.637384356090871,8.770072780543826,9.422521591186523,35477800,0.0,0.0,0.0
2024-10-14 00:00:00-04:00,9.663590113160854,10.305558726617518,9.6478680778865,10.229570388793945,43946900,0.0,0.0,0.0
2024-10-21 00:00:00-04:00,10.124756574641578,10.258915113811456,9.70551238918194,9.93609619140625,47888400,0.0,0.0,0.0
2024-10-28 00:00:00-04:00,10.271492301977005,10.994688755072481,9.718613357982626,9.789361000061035,67636900,0.994,0.0,0.0
2024-11-04 00:00:00-05:00,10.183232851593617,11.518196313130513,9.979127463452363,11.418902397155762,71431100,0.0,0.0,0.0
2024-11-11 00:00:00-05:00,12.185680587651426,13.917823156387156,12.158099115119171,13.603389739990234,108706000,0.0,0.0,0.0
2024-11-18 00:00:00-05:00,13.42686067485672,14.816987825014953,13.322049225269742,14.723209381103516,87724400,0.0,0.0,0.0
2024-11-25 00:00:00-05:00,14.441875354776304,14.701144698594993,13.440652620774639,14.419809341430664,46304800,0.0,0.0,0.0
2024-12-02 00:00:00-05:00,13.669588060696174,14.771760180698488,13.31653907579538,14.408782958984375,55314600,0.996,0.0,0.0
2024-12-09 00:00:00-05:00,14.629709046394405,15.14584908727362,13.909979516221647,14.962332725524902,39958800,0.0,0.0,0.0
2024-12-16 00:00:00-05:00,15.380976331958308,15.988874426032284,13.9644587551147,14.17664909362793,57481600,0.0,0.0,0.0
2024-12-23 00:00:00-05:00,13.396705394437852,13.941519369646553,12.946516549588312,13.224658012390137,39282300,1.113,0.0,0.0
2024-12-30 00:00:00-05:00,13.583933118309233,14.526761149211325,13.325706099315084,14.412660598754883,32706400,0.0,0.0,0.0
2025-01-06 00:00:00-05:00,14.496731381960597,15.06122747084518,13.469830055623833,13.842156410217285,33733700,0.0,0.0,0.0
2025-01-13 00:00:00-05:00,13.277663121401323,15.511624963602278,13.0284436641723,15.307445526123047,39520100,0.0,0.0,0.0
2025-01-20 00:00:00-05:00,15.349479828575786,15.673765170261484,14.911095107036319,15.277417182922363,49339300,0.0,0.0,0.0
2025-01-27 00:00:00-05:00,14.67088633053237,15.535646211300339,14.379630139954301,14.76697063446045,45579500,0.0,0.0,0.0
2025-02-03 00:00:00-05:00,13.25964526439592,14.310568239616568,13.217608528653516,13.379751205444336,52325300,0.937,0.0,0.0
2025-02-10 00:00:00-05:00,14.203209048606611,14.384261515750442,13.709998140834063,14.122048377990723,30032000,0.0,0.0,0.0
2025-02-17 00:00:00-05:00,13.984697891771717,14.412354621698828,13.503973607765795,13.70999813079834,28649400,0.0,0.0,0.0
2025-02-24 00:00:00-05:00,13.816132641680925,13.878564570600915,11.737157386938236,12.199152946472168,67550400,0.0,0.0,0.0
2025-03-03 00:00:00-05:00,12.992035085030823,13.004521709521496,11.350082069789169,12.105504989624023,66296100,0.72,0.0,0.0
2025-03-10 00:00:00-04:00,11.946353613733114,12.335274753544443,11.168511334110455,12.231562614440918,35210500,0.0,0.0,0.0
2025-03-17 00:00:00-04:00,11.965800884325347,12.497327232269821,11.700038328526324,12.114888191223145,24686500,0.0,0.0,0.0
2025-03-24 00:00:00-04:00,12.588073200056504,12.814943972697069,12.017656423115262,12.095439910888672,19189400,0.0,0.0,0.0
2025-03-31 00:00:00-04:00,11.881532746370361,12.354719516802309,11.453719880452962,11.868568420410156,35696400,0.361,0.0,0.0
2025-04-07 00:00:00-04:00,11.049172629481697,12.133592643599632,10.897089757781698,12.080694198608398,52999000,0.0,0.0,0.0
2025-04-14 00:00:00-04:00,12.212941469934027,12.457597602114644,11.991429593201694,12.239391326904297,16612700,0.0,0.0,0.0
2025-04-21 00:00:00-04:00,12.55678233489384,13.806509098187016,12.431148033765327,13.720549583435059,30105900,0.0,0.0,0.0
2025-04-28 00:00:00-04:00,13.680875897934312,13.727161886965924,13.33372971899862,13.535404205322266,25555600,0.545,0.0,0.0
2025-05-05 00:00:00-04:00,13.50555708290911,14.888043678631965,13.383274450147017,14.80312442779541,24480400,0.0,0.0,0.0
2025-05-12 00:00:00-04:00,14.911823219610126,15.061280657202419,14.432878624314563,14.925409317016602,32329000,0.0,0.0,0.0
2025-05-19 00:00:00-04:00,14.68084351484225,16.053137905460915,14.667256120933846,15.550415992736816,47841500,0.0,0.0,0.0
2025-05-26 00:00:00-04:00,15.815363297303133,15.856124178898265,14.803125883296087,14.952583312988281,32348400,0.0,0.0,0.0
2025-06-02 00:00:00-04:00,14.157740305820111,14.572146743656761,13.840481271065006,14.212088584899902,33616000,0.997,0.0,0.0
2025-06-09 00:00:00-04:00,15.363168486441127,15.75809961836239,14.840151435275677,14.986026763916016,34817600,0.0,0.0,0.0
2025-06-16 00:00:00-04:00,15.199500131329442,15.533945563020783,14.573302754541661,14.708504676818848,26703700,0.0,0.0,0.0
2025-06-23 00:00:00-04:00,14.409638279869707,15.412975947814399,14.189046666477978,15.206616401672363,30693100,0.0,0.0,0.0
2025-06-30 00:00:00-04:00,15.327589956492957,15.343244419897385,14.416757791449317,14.993143081665039,32361900,0.777,0.0,0.0
2025-07-07 00:00:00-04:00,15.407382664281315,16.80268418131955,15.25973109917148,16.77315330505371,47737600,0.0,0.0,0.0
2025-07-14 00:00:00-04:00,17.275168646502305,17.341611716566952,16.43724895900686,16.640270233154297,63708000,0.0,0.0,0.0
2025-07-21 00:00:00-04:00,16.758387663416407,17.07583610408783,16.31543441879434,16.573823928833008,43412200,0.0,0.0,0.0
2025-07-28 00:00:00-04:00,16.817448627967057,16.90234778006153,15.119461361748817,15.13422679901123,52537600,1.209,0.0,0.0
2025-08-04 00:00:00-04:00,16.11472667652522,16.653185282743166,15.911829209132287,16.458091735839844,43488800,0.0,0.0,0.0
2025-08-11 00:00:00-04:00,16.887298436040133,17.398444109939046,16.50491522893052,16.520523071289062,62266900,0.0,0.0,0.0
2025-08-18 00:00:00-04:00,16.341038741183514,16.582954364560486,15.786972197834569,16.465898513793945,59506300,0.0,0.0,0.0
2025-08-25 00:00:00-04:00,15.763561082144609,15.989868849794476,15.217298489700122,15.248514175415039,65722600,0.0,0.0,0.0
2025-09-01 00:00:00-04:00,14.741269195336972,15.240709730500177,14.694447156818654,15.014400482177734,50314500,0.861,0.0,0.0
2025-09-08 00:00:00-04:00,15.796278864818618,16.45751799619522,15.571784261387865,16.441190719604492,49784400,0.0,0.0,0.0
2025-09-15 00:00:00-04:00,16.188125610351562,16.59629821934384,16.08200141711774,16.188125610351562,47400600,0.0,0.0,0.0
2025-09-22 00:00:00-04:00,15.861589944845646,16.0166959928739,15.216676389450104,15.298311233520508,61815300,0.0,0.0,0.0
2025-09-29 00:00:00-04:00,15.751383899585473,16.76773456538127,15.722811936339285,16.563648223876953,84809700,0.756,0.0,0.0
2025-10-06 00:00:00-04:00,17.547956018498688,17.74831009088002,16.240560361296215,16.333946228027344,120934000,0.0,0.0,0.0
2025-10-13 00:00:00-04:00,16.028321286236192,16.253296186572253,14.61905157902589,14.890719413757324,124675400,0.0,0.0,0.0
2025-10-20 00:00:00-04:00,15.476496065238662,15.968891389565385,15.026549590837206,15.459516525268555,126439900,0.0,0.0,0.0
2025-10-27 00:00:00-04:00,16.104726273770186,16.245653556634704,14.848269321964086,15.349154472351074,114559200,0.0,0.0,0.0
2025-11-03 00:00:00-05:00,14.338893999125101,14.419546011124845,13.231004831196836,13.804051399230957,174073200,0.838,0.0,0.0
2025-11-10 00:00:00-05:00,14.831048832203694,14.839951226215586,13.1129258409435,13.130730628967285,150678300,0.0,0.0,0.0
2025-11-17 00:00:00-05:00,13.11292509222913,13.375539757732174,11.474922891622667,11.7864990234375,184914100,0.0,0.0,0.0
2025-11-24 00:00:00-05:00,11.964542831556589,12.979392784050807,11.866619048456746,12.641109466552734,85914200,0.0,0.0,0.0
2025-12-01 00:00:00-05:00,11.35029249862598,12.32953375966767,11.033374575226777,11.759793281555176,181235600,0.776,0.0,0.0
2025-12-08 00:00:00-05:00,12.712676957382563,13.174099831413423,12.411339716881725,12.552591323852539,209903000,0.0,0.0,0.0
2025-12-15 00:00:00-05:00,12.439589768013896,12.566716752194706,11.74086373237486,12.232419967651367,263542000,0.0,0.0,0.0
2025-12-22 00:00:00-05:00,12.496090795317045,12.571425103965424,11.300157073926387,11.450825691223145,122281600,0.743,0.0,0.0
2025-12-29 00:00:00-05:00,12.149517267700958,12.659077848711162,12.079577916412097,12.459250450134277,194510900,0.0,0.0,0.0
2026-01-05 00:00:00-05:00,12.888879312086779,13.178629282580134,12.369328067997962,12.509207725524902,285606700,0.0,0.0,0.0
2026-01-12 00:00:00-05:00,12.499216023602266,13.588276545080227,12.48422861127701,13.24856948852539,302497800,0.0,0.0,0.0
2026-01-19 00:00:00-05:00,12.579146622376921,12.649085972181814,12.06958605217854,12.389309883117676,263751100,0.0,0.0,0.0
2026-01-26 00:00:00-05:00,12.134530390491808,12.52918936998468,11.320232459159309,11.59000015258789,325383800,0.0,0.0,0.0
2026-02-02 00:00:00-05:00,10.790690084899582,10.990517484964865,8.60257743384116,9.681646347045898,427672700,0.01,0.0,0.0
2026-02-09 00:00:00-05:00,9.529999732971191,9.84000015258789,8.989999771118164,9.5,359454700,0.0,0.0,0.0
2026-02-16 00:00:00-05:00,9.390000343322754,9.449999809265137,9.0600004196167,9.359999656677246,284340800,0.0,0.0,0.0
2026-02-23 00:00:00-05:00,9.135000228881836,9.619999885559082,8.675000190734863,9.0600004196167,534322409,0.0,0.0,0.0
