Date,Open,High,Low,Close,Volume,Dividends,Stock Splits,Capital Gains
2020-04-20 00:00:00-04:00,22.64159159141012,23.778291480917723,22.271933305716964,23.334701538085938,358800,0.0,0.0,0.0
2020-04-27 00:00:00-04:00,23.916910307943002,27.567289636654348,23.62118371413065,24.184913635253906,799200,0.0,0.0,0.0
2020-05-04 00:00:00-04:00,23.584220179916223,25.164509920992206,23.066696847163584,25.118303298950195,394700,0.0,0.0,0.0
2020-05-11 00:00:00-04:00,24.57305439391389,24.748642714014597,20.285015404246515,22.253446578979492,982700,0.0,0.0,0.0
2020-05-18 00:00:00-04:00,23.77829312728277,24.905753180047324,23.676638193347344,24.471403121948242,1004200,0.0,0.0,0.0
2020-05-25 00:00:00-04:00,25.940792253351468,29.00895838448632,25.940792253351468,27.253080368041992,848100,0.0,0.0,0.0
2020-06-01 00:00:00-04:00,27.45639293889173,33.99935215369377,27.22535630320532,33.09368896484375,896500,0.0,0.0,0.0
2020-06-08 00:00:00-04:00,34.27658235724693,34.31354905095946,26.34740811081428,28.001628875732422,1316000,0.0,0.0,0.0
2020-06-15 00:00:00-04:00,26.421349312404768,30.91270199163782,26.060932731413835,28.112537384033203,1075200,0.0,0.0,0.0
2020-06-22 00:00:00-04:00,27.853778111552508,28.953513065085843,25.4140316383274,25.478721618652344,1051400,0.054,0.0,0.0
2020-06-29 00:00:00-04:00,25.94967679883576,28.04194487119152,25.60713659340583,26.931005477905273,576500,0.0,0.0,0.0
2020-07-06 00:00:00-04:00,27.921597517629426,28.088238634990038,25.366437838276305,27.06987762451172,666200,0.0,0.0,0.0
2020-07-13 00:00:00-04:00,27.717926581138087,28.532614346485502,26.45886190526586,28.06972312927246,656200,0.0,0.0,0.0
2020-07-20 00:00:00-04:00,27.810505000450856,29.106600047226987,27.67163622354032,28.467809677124023,418500,0.0,0.0,0.0
2020-07-27 00:00:00-04:00,28.328940196307215,29.55097261289711,27.745696328341324,28.606674194335938,345300,0.0,0.0,0.0
2020-08-03 00:00:00-04:00,28.819604903931083,30.32862941640961,28.319683333620258,30.28234100341797,319400,0.0,0.0,0.0
2020-08-10 00:00:00-04:00,30.57858704982699,31.893199701128633,30.22679233224378,30.597103118896484,608700,0.0,0.0,0.0
2020-08-17 00:00:00-04:00,30.411949239459545,30.486013523724754,29.032535495024828,29.439878463745117,363300,0.0,0.0,0.0
2020-08-24 00:00:00-04:00,29.71760591185287,31.89319610595703,29.513934472415958,31.89319610595703,388900,0.0,0.0,0.0
2020-08-31 00:00:00-04:00,31.763592181291525,32.86527185375303,30.05089279672587,31.059995651245117,533200,0.0,0.0,0.0
2020-09-07 00:00:00-04:00,30.52304521666214,30.643394379452797,29.162144031742102,29.578746795654297,281400,0.0,0.0,0.0
2020-09-14 00:00:00-04:00,30.41194806677025,31.421050945706124,29.523197879334802,29.55097198486328,223000,0.0,0.0,0.0
2020-09-21 00:00:00-04:00,28.477066474842516,28.486324510619912,26.236673024616206,27.523509979248047,451400,0.032,0.0,0.0
2020-09-28 00:00:00-04:00,28.164289234188487,29.878800606108385,28.006739664766393,29.572967529296875,226200,0.0,0.0,0.0
2020-10-05 00:00:00-04:00,30.184631196443327,31.852801710217882,29.73051989943651,31.537702560424805,229700,0.0,0.0,0.0
2020-10-12 00:00:00-04:00,31.556236375050087,32.26057727354645,29.693446842922295,30.629474639892578,331000,0.0,0.0,0.0
2020-10-19 00:00:00-04:00,30.814832523771038,31.04652299387458,29.563703631680312,30.824098587036133,263200,0.0,0.0,0.0
2020-10-26 00:00:00-04:00,30.119757416105827,30.119757416105827,26.218091226987546,27.274599075317383,491600,0.0,0.0,0.0
2020-11-02 00:00:00-05:00,27.93260035674851,30.842631871268296,27.571163816900167,30.045616149902344,474400,0.0,0.0,0.0
2020-11-09 00:00:00-05:00,33.04832927785031,35.541317521059604,32.78883707663902,34.56821823120117,613300,0.0,0.0,0.0
2020-11-16 00:00:00-05:00,36.051036585613225,36.36613574909027,34.12337028309113,34.345794677734375,313900,0.0,0.0,0.0
2020-11-23 00:00:00-05:00,34.79063386842602,37.348494516804834,34.79063386842602,36.671958923339844,303600,0.0,0.0,0.0
2020-11-30 00:00:00-05:00,36.31979086964412,37.9230882358191,35.30962044409856,37.913822174072266,184200,0.0,0.0,0.0
2020-12-07 00:00:00-05:00,37.533852599638955,37.654332622563224,35.93982118509402,36.44954299926758,189700,0.0,0.0,0.0
2020-12-14 00:00:00-05:00,37.16314823577933,37.65433441322179,35.86568378565044,36.8851203918457,186900,0.0,0.0,0.0
2020-12-21 00:00:00-05:00,37.051941948126604,37.756283002515936,36.115913943983706,37.6821403503418,520100,0.078,0.0,0.0
2020-12-28 00:00:00-05:00,38.28561160571175,39.39991584162118,37.960607827114444,39.28848648071289,282200,0.0,0.0,0.0
2021-01-04 00:00:00-05:00,39.56705888940778,41.758522907038746,37.45916777218734,41.275657653808594,454700,0.0,0.0,0.0
2021-01-11 00:00:00-05:00,40.72778820789024,42.20424029553178,40.309923741147365,40.87636184692383,351200,0.0,0.0,0.0
2021-01-18 00:00:00-05:00,41.18279922077476,41.52637868746887,39.77135122254806,40.226356506347656,211800,0.0,0.0,0.0
2021-01-25 00:00:00-05:00,39.734203754219806,40.14278040089353,36.95772949912,37.2734489440918,393100,0.0,0.0,0.0
2021-02-01 00:00:00-05:00,37.87703950777132,42.492111434115536,37.598464300627406,41.95353317260742,269800,0.0,0.0,0.0
2021-02-08 00:00:00-05:00,42.26924308649305,43.45783225627383,42.12995374341399,43.41140365600586,334000,0.0,0.0,0.0
2021-02-15 00:00:00-05:00,43.89426852914621,44.813566850592366,43.420687600410226,44.61856460571289,273300,0.0,0.0,0.0
2021-02-22 00:00:00-05:00,44.11712714578789,48.7693458166644,44.11712714578789,44.57213592529297,455900,0.0,0.0,0.0
2021-03-01 00:00:00-05:00,45.946445555568715,47.682900788141495,44.154273874801106,47.07003402709961,540600,0.0,0.0,0.0
2021-03-08 00:00:00-05:00,47.84075997619052,50.812236433162155,47.367179045096606,50.765804290771484,532100,0.0,0.0,0.0
2021-03-15 00:00:00-04:00,51.072236892701575,51.54581425801474,48.43505215509653,48.58362579345703,485900,0.0,0.0,0.0
2021-03-22 00:00:00-04:00,48.17504107231951,50.14364233512076,46.355009880619946,50.09721374511719,708200,0.027,0.0,0.0
2021-03-29 00:00:00-04:00,48.95281913517979,50.495079040527344,48.478993812652554,50.495079040527344,207000,0.0,0.0,0.0
2021-04-05 00:00:00-04:00,51.33125439227829,52.325361659874346,50.83884711322517,52.24174499511719,260700,0.0,0.0,0.0
2021-04-12 00:00:00-04:00,52.47400167582804,53.895481122703764,51.65641708132964,53.62605285644531,480500,0.0,0.0,0.0
2021-04-19 00:00:00-04:00,53.672507504600226,54.65732542414384,51.69358250187664,54.248531341552734,315000,0.0,0.0,0.0
2021-04-26 00:00:00-04:00,54.74094488719145,57.05433675558779,54.480805745604556,56.218170166015625,365300,0.0,0.0,0.0
2021-05-03 00:00:00-04:00,56.84064951126591,59.0425500989967,55.44704091627403,59.00538635253906,388800,0.0,0.0,0.0
2021-05-10 00:00:00-04:00,59.60928721098936,60.12027276624337,54.75023555226875,58.50368881225586,482200,0.0,0.0,0.0
2021-05-17 00:00:00-04:00,58.13205605442383,58.67091971302999,55.16831656447908,58.03915023803711,455000,0.0,0.0,0.0
2021-05-24 00:00:00-04:00,58.28070552295661,59.40488216634582,57.648936069255484,59.20977783203125,305600,0.0,0.0,0.0
2021-05-31 00:00:00-04:00,59.925172648988195,61.040056746688535,59.6743262078967,60.82637405395508,249900,0.0,0.0,0.0
2021-06-07 00:00:00-04:00,61.2537462840449,61.2537462840449,59.1168803797785,59.599998474121094,224300,0.0,0.0,0.0
2021-06-14 00:00:00-04:00,59.40489046492258,59.507092544388264,53.84903770582595,53.969818115234375,658800,0.0,0.0,0.0
2021-06-21 00:00:00-04:00,54.92675238803731,58.76382190984258,54.62944954095661,58.578006744384766,718600,0.023,0.0,0.0
2021-06-28 00:00:00-04:00,58.47011553949456,58.47011553949456,57.04809669324187,58.3957633972168,245200,0.0,0.0,0.0
2021-07-05 00:00:00-04:00,58.28422986558865,58.442233929324686,55.282188109347224,58.3957633972168,180000,0.0,0.0,0.0
2021-07-12 00:00:00-04:00,57.9403522283588,59.51107913656039,57.46634705811211,57.63364028930664,425500,0.0,0.0,0.0
2021-07-19 00:00:00-04:00,55.54243233752686,58.87906798289594,53.96241279060995,58.14482498168945,772200,0.0,0.0,0.0
2021-07-26 00:00:00-04:00,58.18199747228856,59.94790620504565,57.98681909369767,58.739654541015625,154100,0.0,0.0,0.0
2021-08-02 00:00:00-04:00,59.29731649888849,61.648764247369556,57.3269364182528,61.36063766479492,261200,0.0,0.0,0.0
2021-08-09 00:00:00-04:00,61.388518503119876,63.08936070930697,60.74721304234233,62.39229202270508,231600,0.0,0.0,0.0
2021-08-16 00:00:00-04:00,61.667331072902755,62.40157748022894,58.93482356971334,60.35684585571289,165800,0.0,0.0,0.0
2021-08-23 00:00:00-04:00,60.84944974532005,63.386775768391765,60.84944974532005,63.32171630859375,516500,0.0,0.0,0.0
2021-08-30 00:00:00-04:00,63.34960110636639,63.34960110636639,61.64875193100638,62.11346435546875,381200,0.0,0.0,0.0
2021-09-06 00:00:00-04:00,62.36441002389102,62.36441002389102,59.90143259494833,59.95720291137695,294900,0.0,0.0,0.0
2021-09-13 00:00:00-04:00,60.80297528593597,61.41639912389189,59.390252557262095,59.7899055480957,214400,0.0,0.0,0.0
2021-09-20 00:00:00-04:00,57.782353227782856,61.80676536623978,55.9792699205373,61.472171783447266,634400,0.025,0.0,0.0
2021-09-27 00:00:00-04:00,61.89682556538604,62.86381903919317,58.80988786176987,60.874046325683594,157600,0.0,0.0,0.0
2021-10-04 00:00:00-04:00,60.47421948091713,63.53326367921633,59.30266897876093,62.70574188232422,331400,0.0,0.0,0.0
2021-10-11 00:00:00-04:00,62.99398354015051,65.33707766641707,60.102303433016274,64.86288452148438,395700,0.0,0.0,0.0
2021-10-18 00:00:00-04:00,64.31428825696943,68.5448826705489,64.31428825696943,68.4426040649414,850700,0.0,0.0,0.0
2021-10-25 00:00:00-04:00,68.74015985165275,69.39101744558228,65.71830784846493,66.52723693847656,278500,0.0,0.0,0.0
2021-11-01 00:00:00-04:00,67.27105937863276,67.81964531856288,65.41145852728802,66.71318054199219,156800,0.0,0.0,0.0
2021-11-08 00:00:00-05:00,67.48491121153833,67.74525417493714,65.92284633733168,66.94562530517578,351500,0.0,0.0,0.0
2021-11-15 00:00:00-05:00,67.4663093799426,67.63367372236374,63.319400777522794,63.691322326660156,201600,0.0,0.0,0.0
2021-11-22 00:00:00-05:00,64.88147203163464,66.66668713164084,61.33893470915137,61.980499267578125,377900,0.0,0.0,0.0
2021-11-29 00:00:00-05:00,63.84010223041036,63.84010223041036,58.27989242436985,60.25107192993164,379400,0.0,0.0,0.0
2021-12-06 00:00:00-05:00,61.47840948470947,64.78849688005681,61.02280214794096,63.89588928222656,242700,0.0,0.0,0.0
2021-12-13 00:00:00-05:00,63.48676841168797,65.73688361460628,62.25943220156763,62.86380386352539,349700,0.0,0.0,0.0
2021-12-20 00:00:00-05:00,61.022803073250316,64.072554612683,59.50723084152843,61.66436767578125,333000,3.186,0.0,0.0
2021-12-27 00:00:00-05:00,64.79004653392897,66.82753458932888,64.58532413485442,65.98914337158203,234200,0.0,0.0,0.0
2022-01-03 00:00:00-05:00,66.96401454772911,69.91787792121661,66.36934154883745,69.15747833251953,692400,0.0,0.0,0.0
2022-01-10 00:00:00-05:00,69.5571902494625,70.71729155267755,66.64232192846124,68.06563568115234,301100,0.0,0.0,0.0
2022-01-17 00:00:00-05:00,67.17849269359243,67.17849269359243,60.100913611523715,60.48111343383789,296900,0.0,0.0,0.0
2022-01-24 00:00:00-05:00,58.39489150425681,62.820815613405756,55.801729592168016,62.38212203979492,344100,0.0,0.0,0.0
2022-01-31 00:00:00-05:00,61.81669427596443,66.53507955349345,61.44624150970129,65.64794158935547,288500,0.0,0.0,0.0
2022-02-07 00:00:00-05:00,65.69667495437211,68.81626482330958,63.805419412628744,64.56582641601562,364900,0.0,0.0,0.0
2022-02-14 00:00:00-05:00,64.40985400524572,65.77467759091991,61.70945555052924,62.11890411376953,229100,0.0,0.0,0.0
2022-02-21 00:00:00-05:00,61.36825159484908,62.4698590453667,54.86584722774218,62.265132904052734,275700,0.0,0.0,0.0
2022-02-28 00:00:00-05:00,59.82795448143514,61.329259781730165,55.95771123177244,57.12755584716797,336300,0.0,0.0,0.0
2022-03-07 00:00:00-05:00,56.34765712854247,56.96182814316787,52.06796536958804,54.76836395263672,288900,0.0,0.0,0.0
2022-03-14 00:00:00-04:00,55.97720698206028,61.95317963152858,55.03158268217276,61.85569381713867,401300,0.0,0.0,0.0
2022-03-21 00:00:00-04:00,62.14814395586123,63.561706608016756,60.783320483410286,63.11326599121094,144700,0.039,0.0,0.0
2022-03-28 00:00:00-04:00,62.966054521123176,65.44372064314778,61.30776519717375,62.01985549926758,199300,0.0,0.0,0.0
2022-04-04 00:00:00-04:00,61.78573878687345,62.23445023630447,58.313094101032185,60.40058135986328,149700,0.0,0.0,0.0
2022-04-11 00:00:00-04:00,59.79580178240878,60.69322848612814,57.981442415426926,58.108253479003906,100600,0.0,0.0,0.0
2022-04-18 00:00:00-04:00,58.10825200835974,62.429547550562525,56.35242172771837,56.47923278808594,164700,0.0,0.0,0.0
2022-04-25 00:00:00-04:00,55.68910890157499,56.742605608277785,51.66045101698634,51.757999420166016,260700,0.0,0.0,0.0
2022-05-02 00:00:00-04:00,51.92382727929252,55.386715665765124,49.553454985104175,50.95812225341797,221400,0.0,0.0,0.0
2022-05-09 00:00:00-04:00,49.45590364038517,49.57295798995,44.23718187135022,47.58301544189453,470500,0.0,0.0,0.0
2022-05-16 00:00:00-04:00,46.56854751046621,49.251067434036834,44.315229435073974,46.158851623535156,289200,0.0,0.0,0.0
2022-05-23 00:00:00-04:00,47.42694796606652,53.12364458151973,46.49050560434327,53.1138916015625,343400,0.0,0.0,0.0
2022-05-30 00:00:00-04:00,52.3530268308548,53.260206495298,50.285049101230676,51.270267486572266,147300,0.0,0.0,0.0
2022-06-06 00:00:00-04:00,52.14818111133,52.79198567858996,44.705411087681476,44.74442672729492,397800,0.0,0.0,0.0
2022-06-13 00:00:00-04:00,42.59841434291318,43.17393694461078,39.037981062149534,40.07197189331055,283100,0.0,0.0,0.0
2022-06-20 00:00:00-04:00,41.41809820182754,44.715159416618604,40.39386427695397,44.61761474609375,266500,0.044,0.0,0.0
2022-06-27 00:00:00-04:00,45.09343356672292,45.88437646135428,40.894608779976075,43.38460922241211,253300,0.0,0.0,0.0
2022-07-04 00:00:00-04:00,42.144485372195135,44.341544974203565,41.20707416932405,43.82401657104492,94200,0.0,0.0,0.0
2022-07-11 00:00:00-04:00,42.96472076364181,43.91189875427593,39.97671838773706,43.277191162109375,121400,0.0,0.0,0.0
2022-07-18 00:00:00-04:00,44.39037027793403,46.772961875699416,42.583900437772996,45.78672409057617,216300,0.0,0.0,0.0
2022-07-25 00:00:00-04:00,46.382370432615915,49.116488365760844,45.20084146926566,48.91143035888672,127600,0.0,0.0,0.0
2022-08-01 00:00:00-04:00,47.886132263195066,48.5891887552319,46.94872112385212,48.550132751464844,186800,0.0,0.0,0.0
2022-08-08 00:00:00-04:00,48.8821379275502,52.98331300719777,48.472018184620765,52.93449020385742,221300,0.0,0.0,0.0
2022-08-15 00:00:00-04:00,52.192371339658386,54.116016516174696,51.03036856266237,51.21590042114258,180100,0.0,0.0,0.0
2022-08-22 00:00:00-04:00,50.024607772591565,50.38590099158825,47.3490793779484,47.40766525268555,164000,0.0,0.0,0.0
2022-08-29 00:00:00-04:00,46.870602788031526,47.270955704514996,43.941190113779555,44.663780212402344,286500,0.0,0.0,0.0
2022-09-05 00:00:00-04:00,45.01531088521958,48.87237201810422,43.94119429249072,48.68684387207031,81200,0.0,0.0,0.0
2022-09-12 00:00:00-04:00,49.428957137861644,49.88789966419671,43.56036852264999,44.224369049072266,196100,0.0,0.0,0.0
2022-09-19 00:00:00-04:00,43.35531117572944,45.01530879185275,38.30695448481094,39.24436569213867,92500,0.064,0.0,0.0
2022-09-26 00:00:00-04:00,38.674846527945725,39.08555481042752,36.76799490491481,37.13958740234375,166800,0.0,0.0,0.0
2022-10-03 00:00:00-04:00,37.56007430410999,41.6866965390154,37.55029722258968,37.73609161376953,272700,0.0,0.0,0.0
2022-10-10 00:00:00-04:00,38.03922905568536,40.17099069314642,34.59711855602608,37.55029296875,218800,0.0,0.0,0.0
2022-10-17 00:00:00-04:00,38.95842978517033,41.403110359715946,38.05878539398856,39.86785125732422,87200,0.0,0.0,0.0
2022-10-24 00:00:00-04:00,40.40568287960808,45.510177446710344,39.96563960136017,45.44172668457031,155700,0.0,0.0,0.0
2022-10-31 00:00:00-04:00,44.88434423458385,46.21424755277136,41.9996199353612,44.15093994140625,215100,0.0,0.0,0.0
2022-11-07 00:00:00-05:00,44.727882250979015,49.754145456791946,43.583769679107085,49.32387924194336,164900,0.0,0.0,0.0
2022-11-14 00:00:00-05:00,48.76648792100224,49.15763831197777,46.07733924133356,47.5832633972168,134900,0.0,0.0,0.0
2022-11-21 00:00:00-05:00,47.866852304648745,49.62702178955078,47.28990746862278,49.62702178955078,142800,0.0,0.0,0.0
2022-11-28 00:00:00-05:00,48.78604701012268,50.60489003128127,47.10410551007725,49.529232025146484,100600,0.0,0.0,0.0
2022-12-05 00:00:00-05:00,48.63937069818171,48.63937069818171,45.588406382753355,45.90132522583008,142400,0.0,0.0,0.0
2022-12-12 00:00:00-05:00,45.96000129658759,49.42167037462074,43.02638419255008,43.73045349121094,104300,0.0,0.0,0.0
2022-12-19 00:00:00-05:00,43.838017450367246,44.96256836876004,42.33209319761151,44.21938705444336,93500,0.204,0.0,0.0
2022-12-26 00:00:00-05:00,44.12263772100837,45.291516811604204,43.77885195729418,44.800392150878906,84900,0.0,0.0,0.0
2023-01-02 00:00:00-05:00,45.497789576273036,48.03199469693589,44.535185663248946,47.7962532043457,63700,0.0,0.0,0.0
2023-01-09 00:00:00-05:00,48.05163320159499,50.507256412968005,47.26583452335236,50.41885757446289,173800,0.0,0.0,0.0
2023-01-16 00:00:00-05:00,50.084892670458494,50.41885757710205,47.167611096159874,48.906192779541016,85100,0.0,0.0,0.0
2023-01-23 00:00:00-05:00,48.955303649714665,51.84311514770097,48.955303649714665,51.410926818847656,101500,0.0,0.0,0.0
2023-01-30 00:00:00-05:00,50.78228878035476,53.62098861428938,50.625129044645064,52.5405158996582,92700,0.0,0.0,0.0
2023-02-06 00:00:00-05:00,51.72524626291362,53.54240590851188,50.76264243065767,51.558265686035156,80300,0.0,0.0,0.0
2023-02-13 00:00:00-05:00,51.3519967619535,53.1102240642551,50.281344780064245,50.99838638305664,68000,0.0,0.0,0.0
2023-02-20 00:00:00-05:00,50.09471392398489,50.09471392398489,47.63909069241701,48.48382568359375,77500,0.0,0.0,0.0
2023-02-27 00:00:00-05:00,49.21068518306541,49.495538360539825,46.951512691578365,49.46607208251953,58800,0.0,0.0,0.0
2023-03-06 00:00:00-05:00,49.456246227835045,50.04559800206235,41.25446682260959,41.843814849853516,203700,0.0,0.0,0.0
2023-03-13 00:00:00-04:00,39.122993263753614,42.20725561178156,38.23896735324323,38.347015380859375,369900,0.0,0.0,0.0
2023-03-20 00:00:00-04:00,38.72026270526148,41.38216095645278,37.217422587938124,38.58274841308594,372600,0.094,0.0,0.0
2023-03-27 00:00:00-04:00,39.84066190834414,41.59298035223273,39.269679547082205,41.58313751220703,146000,0.0,0.0,0.0
2023-04-03 00:00:00-04:00,41.455162425295896,42.00645165381152,40.29351190038624,41.0318489074707,105700,0.0,0.0,0.0
2023-04-10 00:00:00-04:00,40.76605108412864,43.7390888380271,40.72667220531172,43.37484359741211,96700,0.0,0.0,0.0
2023-04-17 00:00:00-04:00,43.26654677914715,45.00902246232213,43.06965617128892,44.16239547729492,130600,0.0,0.0,0.0
2023-04-24 00:00:00-04:00,43.96550818533875,44.26084224171235,41.277961888199265,43.91628646850586,145200,0.0,0.0,0.0
2023-05-01 00:00:00-04:00,44.10333299596888,44.418356508017645,39.0531064506613,41.543766021728516,154700,0.0,0.0,0.0
2023-05-08 00:00:00-04:00,41.848938393585385,42.291941332867566,40.0572409550451,40.46086502075195,130500,0.0,0.0,0.0
2023-05-15 00:00:00-04:00,40.51010181799531,42.87277856253396,40.31321115043948,42.13444137573242,165800,0.0,0.0,0.0
2023-05-22 00:00:00-04:00,42.449458323027734,42.52821607992115,39.77175843005275,40.82511901855469,239000,0.0,0.0,0.0
2023-05-29 00:00:00-04:00,40.884180215079915,42.77432491577483,39.309062760647684,42.538055419921875,141400,0.0,0.0,0.0
2023-06-05 00:00:00-04:00,42.715256097734276,43.611104843479616,41.88831850509426,43.4240608215332,119100,0.0,0.0,0.0
2023-06-12 00:00:00-04:00,43.32561926634798,44.9007406622675,42.79401940977519,44.40851593017578,172500,0.0,0.0,0.0
2023-06-19 00:00:00-04:00,43.985197611493106,43.985197611493106,42.09505289152553,42.44945526123047,74800,0.109,0.0,0.0
2023-06-26 00:00:00-04:00,42.43531934794932,45.36631819130598,42.32676327751355,45.020912170410156,92700,0.0,0.0,0.0
2023-07-03 00:00:00-04:00,45.01103467951163,45.78079025142759,43.856397557036324,44.65576171875,196100,0.0,0.0,0.0
2023-07-10 00:00:00-04:00,44.43865677226485,47.91243195372661,44.43865677226485,46.254493713378906,157100,0.0,0.0,0.0
2023-07-17 00:00:00-04:00,46.21501856014452,49.44207279123595,46.21501856014452,48.948638916015625,185700,0.0,0.0,0.0
2023-07-24 00:00:00-04:00,49.15588099224446,50.271038771388014,48.35651680811902,48.721656799316406,108500,0.0,0.0,0.0
2023-07-31 00:00:00-04:00,48.91903318450433,49.39272924421315,47.56702544546446,47.922298431396484,94500,0.0,0.0,0.0
2023-08-07 00:00:00-04:00,48.228224009590875,49.38286118970271,47.24135629803615,47.8236083984375,141400,0.0,0.0,0.0
2023-08-14 00:00:00-04:00,47.46834056501787,47.6459770735198,44.596555363705924,45.07025146484375,87800,0.0,0.0,0.0
2023-08-21 00:00:00-04:00,45.42552448184762,45.840010923219445,44.14259707069075,45.07025146484375,90700,0.0,0.0,0.0
2023-08-28 00:00:00-04:00,45.64263214914929,47.15253855935675,45.376177412418286,46.94529724121094,77100,0.0,0.0,0.0
2023-09-04 00:00:00-04:00,46.60976495788709,46.8367440963152,45.356442421226085,45.9189567565918,33600,0.0,0.0,0.0
2023-09-11 00:00:00-04:00,46.23475628798573,47.823614095189946,46.11633320258103,47.23149490356445,57400,0.0,0.0,0.0
2023-09-18 00:00:00-04:00,47.34991431212532,47.8630859951659,44.409048861494135,44.448524475097656,54100,0.087,0.0,0.0
2023-09-25 00:00:00-04:00,44.10404911682565,44.677468992438776,42.571629445293574,43.11539077758789,85600,0.0,0.0,0.0
2023-10-02 00:00:00-04:00,42.83856618069613,42.967089044959266,40.61408499367975,42.650718688964844,152400,0.0,0.0,0.0
2023-10-09 00:00:00-04:00,41.968543878114176,44.12381918595228,41.84001724835357,42.92753982543945,351100,0.0,0.0,0.0
2023-10-16 00:00:00-04:00,43.649259703745116,44.746667104182904,40.34714126586914,40.34714126586914,159500,0.0,0.0,0.0
2023-10-23 00:00:00-04:00,40.06043209754542,40.673399146674896,38.1918686385609,38.47857666015625,128400,0.0,0.0,0.0
2023-10-30 00:00:00-04:00,38.86416017607798,44.58848902076173,38.86416017607798,44.26223373413086,176300,0.0,0.0,0.0
2023-11-06 00:00:00-05:00,44.50939027408366,44.50939027408366,43.39220551087917,44.450069427490234,96800,0.0,0.0,0.0
2023-11-13 00:00:00-05:00,43.9458580712269,47.33695602416992,43.9458580712269,47.33695602416992,163700,0.0,0.0,0.0
2023-11-20 00:00:00-05:00,47.1589977337376,48.3948205057358,47.10956557714403,48.216861724853516,135100,0.0,0.0,0.0
2023-11-27 00:00:00-05:00,47.80161924308013,50.43144972716385,47.752187090694605,50.32270050048828,127300,0.0,0.0,0.0
2023-12-04 00:00:00-05:00,49.67019064617951,50.61930163250243,49.12642560788135,50.09531021118164,139800,0.0,0.0,0.0
2023-12-11 00:00:00-05:00,50.20406299166504,54.514613415999236,50.20406299166504,53.52595520019531,240900,0.0,0.0,0.0
2023-12-18 00:00:00-05:00,54.198242748346814,54.672798236381155,52.596617504801934,53.713802337646484,110800,0.147,0.0,0.0
2023-12-25 00:00:00-05:00,53.84723189346947,55.135916738326024,53.84723189346947,54.719573974609375,152700,0.0,0.0,0.0
2024-01-01 00:00:00-05:00,53.85714524409783,55.51260872488231,53.85714524409783,55.066524505615234,334600,0.0,0.0,0.0
2024-01-08 00:00:00-05:00,54.92774115040687,55.73069270944176,53.847227770148336,54.4023551940918,214000,0.0,0.0,0.0
2024-01-15 00:00:00-05:00,53.53001601064612,55.433303653684156,52.53871941785638,55.274696350097656,218600,0.0,0.0,0.0
2024-01-22 00:00:00-05:00,55.68112912119914,57.495203744105616,55.562174586064835,57.29694366455078,156800,0.0,0.0,0.0
2024-01-29 00:00:00-05:00,57.07886095027725,59.636404252546356,56.16686609740471,58.3179817199707,240500,0.0,0.0,0.0
2024-02-05 00:00:00-05:00,57.65381325595196,58.74423806295325,57.07886316290478,58.44684982299805,172700,0.0,0.0,0.0
2024-02-12 00:00:00-05:00,58.456760246146665,60.558307926626725,56.45434071058218,59.963531494140625,216900,0.0,0.0,0.0
2024-02-19 00:00:00-05:00,59.17049357395738,62.42194904180272,59.09119181115439,61.916385650634766,233800,0.0,0.0,0.0
2024-02-26 00:00:00-05:00,61.728040479445205,62.64003154731409,60.8259607138373,61.75777816772461,135700,0.0,0.0,0.0
2024-03-04 00:00:00-05:00,61.19274485809314,63.39342474292277,61.19274485809314,62.69951629638672,220600,0.0,0.0,0.0
2024-03-11 00:00:00-04:00,62.441773366160604,64.43427783218992,62.065079606168815,63.23480987548828,105900,0.0,0.0,0.0
2024-03-18 00:00:00-04:00,63.611494650418784,67.49737511899875,63.29428007263659,65.40574645996094,110100,0.039,0.0,0.0
2024-03-25 00:00:00-04:00,65.17720652242599,67.94458543587439,65.01850777623336,67.76604461669922,70400,0.0,0.0,0.0
2024-04-01 00:00:00-04:00,67.62717624295921,67.76604047521623,64.4729603419883,65.78225708007812,191900,0.0,0.0,0.0
2024-04-08 00:00:00-04:00,65.62355883835123,66.56585293113298,60.6640965293477,60.97158432006836,118300,0.0,0.0,0.0
2024-04-15 00:00:00-04:00,62.27096681752205,62.975212880507556,59.374644539389394,61.93372344970703,154900,0.0,0.0,0.0
2024-04-22 00:00:00-04:00,62.58836764561658,64.32417820074282,62.231289795497524,63.1339111328125,76700,0.0,0.0,0.0
2024-04-29 00:00:00-04:00,63.09423472003509,63.51082743814784,61.28899204067966,62.2808837890625,75700,0.0,0.0,0.0
2024-05-06 00:00:00-04:00,63.03471828385349,66.30796021528273,63.03471828385349,66.14926147460938,57900,0.0,0.0,0.0
2024-05-13 00:00:00-04:00,66.34763767959763,67.98426055908203,65.55412126301931,67.98426055908203,49100,0.0,0.0,0.0
2024-05-20 00:00:00-04:00,67.68669681264987,67.76604997578839,63.977023462567175,65.13753509521484,106800,0.0,0.0,0.0
2024-05-27 00:00:00-04:00,64.8201281001995,65.23672084310009,62.489183866312096,65.1176986694336,47900,0.0,0.0,0.0
2024-06-03 00:00:00-04:00,65.00859263570624,65.06810372498414,63.36205231913169,64.52256774902344,41500,0.0,0.0,0.0
2024-06-10 00:00:00-04:00,64.40352991817984,64.40352991817984,61.02117929194262,61.99323272705078,47600,0.0,0.0,0.0
2024-06-17 00:00:00-04:00,61.89404347493771,64.72093330101568,61.735340954592395,63.95718002319336,52300,0.0,0.0,0.0
2024-06-24 00:00:00-04:00,64.40353012026175,65.76242451021456,62.6082047326971,63.471153259277344,69600,0.112,0.0,0.0
2024-07-01 00:00:00-04:00,63.94912550305377,65.58859339705639,63.43244473518836,64.75395202636719,58000,0.0,0.0,0.0
2024-07-08 00:00:00-04:00,64.7937046089653,67.91365853906215,64.49562432904582,67.34729766845703,73800,0.0,0.0,0.0
2024-07-15 00:00:00-04:00,67.82422222710291,72.87178514628009,67.82422222710291,68.91719818115234,230500,0.0,0.0,0.0
2024-07-22 00:00:00-04:00,68.89733385974263,70.77527518459823,67.95340163641465,70.44738006591797,100700,0.0,0.0,0.0
2024-07-29 00:00:00-04:00,70.55667297727103,72.59358119117447,65.20108344280628,65.9959716796875,224000,0.0,0.0,0.0
2024-08-05 00:00:00-04:00,63.09461250053644,66.999523467183,61.8227853039869,66.77098846435547,138500,0.0,0.0,0.0
2024-08-12 00:00:00-04:00,67.1088222631188,71.12303161621094,65.90654787168117,71.12303161621094,68000,0.0,0.0,0.0
2024-08-19 00:00:00-04:00,71.05348040061519,73.52758205249144,70.48711959884379,73.20962524414062,92500,0.0,0.0,0.0
2024-08-26 00:00:00-04:00,73.70643438011832,77.58153825403268,73.39841584929482,77.4026870727539,227000,0.0,0.0,0.0
2024-09-02 00:00:00-04:00,76.07123354762801,77.7007630743555,72.31536652673931,72.5240249633789,145200,0.0,0.0,0.0
2024-09-09 00:00:00-04:00,73.6666836268612,75.45519531330372,69.5332453458543,73.2493667602539,133900,0.0,0.0,0.0
2024-09-16 00:00:00-04:00,73.80579455186957,77.34306505177108,73.80579455186957,76.53823852539062,136700,0.0,0.0,0.0
2024-09-23 00:00:00-04:00,77.30332971320988,77.30332971320988,74.18337600375065,75.57443237304688,49700,0.086,0.0,0.0
2024-09-30 00:00:00-04:00,75.32209032086243,77.27178955078125,74.21792279733823,77.27178955078125,71900,0.0,0.0,0.0
2024-10-07 00:00:00-04:00,77.30163529791375,80.19634697535757,74.72524931550086,79.8780288696289,96200,0.0,0.0,0.0
2024-10-14 00:00:00-04:00,80.20629068585805,84.34443373860675,79.80839873711889,83.75753021240234,128100,0.0,0.0,0.0
2024-10-21 00:00:00-04:00,83.28005382088944,83.29000339603817,79.7586555591535,80.24607849121094,69500,0.0,0.0,0.0
2024-10-28 00:00:00-04:00,80.77329332434546,82.5837289736714,79.67907531023457,79.8780288696289,89100,0.0,0.0,0.0
2024-11-04 00:00:00-05:00,79.52986228047219,90.35269308684619,78.0476943076516,88.65167999267578,240800,0.0,0.0,0.0
2024-11-11 00:00:00-05:00,90.32285323097433,92.01391677379885,89.86526383113473,91.11864471435547,128700,0.0,0.0,0.0
2024-11-18 00:00:00-05:00,91.38722699763166,94.0630859195681,88.83073261999888,93.9039306640625,110800,0.0,0.0,0.0
2024-11-25 00:00:00-05:00,95.22694482380754,97.17664416703097,94.18245950919035,96.19184112548828,133100,0.0,0.0,0.0
2024-12-02 00:00:00-05:00,96.65936420173047,96.65936420173047,91.59611608934262,92.56101989746094,145300,0.0,0.0,0.0
2024-12-09 00:00:00-05:00,92.80971686305018,92.80971686305018,88.74120563307831,88.97994232177734,88200,0.0,0.0,0.0
2024-12-16 00:00:00-05:00,89.2684165398166,89.27836611508475,82.26541064358283,85.19991302490234,97400,0.0,0.0,0.0
2024-12-23 00:00:00-05:00,84.55332942208193,88.11451852976221,83.90674362040552,86.59255981445312,51800,0.195,0.0,0.0
2024-12-30 00:00:00-05:00,85.10519576534575,86.61069045244865,83.64955486781976,85.99253845214844,98400,0.0,0.0,0.0
2025-01-06 00:00:00-05:00,87.06931418887258,87.53791241510098,81.12710621943671,81.57575988769531,80500,0.0,0.0,0.0
2025-01-13 00:00:00-05:00,80.53886758020431,91.87493046001981,80.53886758020431,91.54591369628906,116300,0.0,0.0,0.0
2025-01-20 00:00:00-05:00,92.59278232729814,93.92877872618108,91.79516731446438,93.59976196289062,82800,0.0,0.0,0.0
2025-01-27 00:00:00-05:00,92.88191858968004,98.14615643311122,92.88191858968004,96.09230041503906,110000,0.0,0.0,0.0
2025-02-03 00:00:00-05:00,93.20096338493065,98.70448271035238,92.4033483607846,96.99958801269531,101100,0.0,0.0,0.0
2025-02-10 00:00:00-05:00,97.6277027677641,97.63767504718824,93.73934291398416,96.80017852783203,80800,0.0,0.0,0.0
2025-02-17 00:00:00-05:00,96.94972686305648,98.42531226374868,92.63265812188182,93.00154876708984,91200,0.0,0.0,0.0
2025-02-24 00:00:00-05:00,93.76925808190349,98.20597151905,91.24680389596479,97.96669006347656,108700,0.0,0.0,0.0
2025-03-03 00:00:00-05:00,98.66459789102393,99.62173132394155,83.54985530376354,86.6705093383789,185700,0.0,0.0,0.0
2025-03-10 00:00:00-04:00,83.85893001725923,84.62662819982806,80.02042389117389,84.23779296875,145400,0.0,0.0,0.0
2025-03-17 00:00:00-04:00,83.54985442050567,89.20292726451646,83.54985442050567,87.36841583251953,58000,0.0,0.0,0.0
2025-03-24 00:00:00-04:00,89.05337444469494,92.77224353067663,86.24179260843057,86.6705093383789,57900,0.274,0.0,0.0
2025-03-31 00:00:00-04:00,85.61000061035156,90.88999938964844,69.1500015258789,69.47000122070312,225100,0.0,0.0,0.0
2025-04-07 00:00:00-04:00,64.81999969482422,80.08000183105469,63.09000015258789,76.9000015258789,277900,0.0,0.0,0.0
2025-04-14 00:00:00-04:00,79.36000061035156,80.73999786376953,75.18000030517578,76.73999786376953,52500,0.0,0.0,0.0
2025-04-21 00:00:00-04:00,76.0,75.80999755859375,73.7699966430664,73.77999877929688,3781,0.0,0.0,0.0
